"","countrycode","count"
"1","US",677311
"2","GB",110292
"3","CA",55144
"4","DE",49610
"5","RU",36144
"6","AU",35987
"7","BR",28127
"8","SE",26643
"9","FI",26506
"10","CZ",24661
"11","IT",24344
"12","KR",22031
"13","FR",21346
"14","PL",21283
"15","TH",20638
"16","PH",20274
"17","SA",19551
"18","HU",18572
"19","NL",16736
"20","ID",13811
"21","RO",12877
"22","IN",11686
"23","SK",11014
"24","VN",10923
"25","JP",10402
"26","AE",9242
"27","UA",9019
"28","TW",8780
"29","MY",8193
"30","NO",7902
"31","HR",7740
"32","IE",7466
"33","NZ",7204
"34","TR",7068
"35","RS",6991
"36","BG",6879
"37","HK",6275
"38","AT",6036
"39","MX",5896
"40","DK",5797
"41","CH",5708
"42","ES",5635
"43","PT",5471
"44","SG",4912
"45","BE",4612
"46","IL",3849
"47","AR",3727
"48","EE",3473
"49","BA",3157
"50","ZA",3129
